<?xml version="1.0" encoding="UTF-8"?>
<project version="4">
  <component name="ChangeListManager">
    <list default="true" id="dbdc86d4-0223-40e0-a152-481f0aab949d" name="Default Changelist" comment="" />
    <option name="SHOW_DIALOG" value="false" />
    <option name="HIGHLIGHT_CONFLICTS" value="true" />
    <option name="HIGHLIGHT_NON_ACTIVE_CHANGELIST" value="false" />
    <option name="LAST_RESOLUTION" value="IGNORE" />
  </component>
  <component name="FileTemplateManagerImpl">
    <option name="RECENT_TEMPLATES">
      <list>
        <option value="Python Script" />
      </list>
    </option>
  </component>
  <component name="ProjectId" id="1gjRB8glit6L2QSZacT7qhjSdo3" />
  <component name="ProjectViewState">
    <option name="autoscrollToSource" value="true" />
    <option name="compactDirectories" value="true" />
    <option name="hideEmptyMiddlePackages" value="true" />
    <option name="showLibraryContents" value="true" />
  </component>
  <component name="PropertiesComponent">
    <property name="RunOnceActivity.OpenProjectViewOnStart" value="true" />
    <property name="RunOnceActivity.ShowReadmeOnStart" value="true" />
  </component>
  <component name="RunManager">
    <configuration name="snake_app" type="PythonConfigurationType" factoryName="Python" temporary="true" nameIsGenerated="true">
      <module name="snakeai" />
      <option name="INTERPRETER_OPTIONS" value="" />
      <option name="PARENT_ENVS" value="true" />
      <envs>
        <env name="PYTHONUNBUFFERED" value="1" />
      </envs>
      <option name="SDK_HOME" value="" />
      <option name="WORKING_DIRECTORY" value="$PROJECT_DIR$" />
      <option name="IS_MODULE_SDK" value="true" />
      <option name="ADD_CONTENT_ROOTS" value="true" />
      <option name="ADD_SOURCE_ROOTS" value="true" />
      <option name="SCRIPT_NAME" value="$PROJECT_DIR$/snake_app.py" />
      <option name="PARAMETERS" value="" />
      <option name="SHOW_COMMAND_LINE" value="false" />
      <option name="EMULATE_TERMINAL" value="false" />
      <option name="MODULE_MODE" value="false" />
      <option name="REDIRECT_INPUT" value="false" />
      <option name="INPUT_FILE" value="" />
      <method v="2" />
    </configuration>
    <recent_temporary>
      <list>
        <item itemvalue="Python.snake_app" />
      </list>
    </recent_temporary>
  </component>
  <component name="SvnConfiguration">
    <configuration />
  </component>
  <component name="TaskManager">
    <task active="true" id="Default" summary="Default task">
      <changelist id="dbdc86d4-0223-40e0-a152-481f0aab949d" name="Default Changelist" comment="" />
      <created>1598625876255</created>
      <option name="number" value="Default" />
      <option name="presentableId" value="Default" />
      <updated>1598625876255</updated>
    </task>
    <servers />
  </component>
  <component name="WindowStateProjectService">
    <state x="593" y="337" key="Github.CreateGistDialog" timestamp="1599189914006">
      <screen x="0" y="0" width="1536" height="834" />
    </state>
    <state x="593" y="337" key="Github.CreateGistDialog/0.0.1536.834@0.0.1536.834" timestamp="1599189914006" />
    <state width="1515" height="213" key="GridCell.Tab.0.bottom" timestamp="1598677803399">
      <screen x="0" y="0" width="1536" height="834" />
    </state>
    <state width="1515" height="213" key="GridCell.Tab.0.bottom/0.0.1536.834@0.0.1536.834" timestamp="1598677803399" />
    <state width="1515" height="213" key="GridCell.Tab.0.center" timestamp="1598677803399">
      <screen x="0" y="0" width="1536" height="834" />
    </state>
    <state width="1515" height="213" key="GridCell.Tab.0.center/0.0.1536.834@0.0.1536.834" timestamp="1598677803399" />
    <state width="1515" height="213" key="GridCell.Tab.0.left" timestamp="1598677803398">
      <screen x="0" y="0" width="1536" height="834" />
    </state>
    <state width="1515" height="213" key="GridCell.Tab.0.left/0.0.1536.834@0.0.1536.834" timestamp="1598677803398" />
    <state width="1515" height="213" key="GridCell.Tab.0.right" timestamp="1598677803399">
      <screen x="0" y="0" width="1536" height="834" />
    </state>
    <state width="1515" height="213" key="GridCell.Tab.0.right/0.0.1536.834@0.0.1536.834" timestamp="1598677803399" />
    <state width="498" height="446" key="SwitcherDM" timestamp="1599189325924">
      <screen x="0" y="0" width="1536" height="834" />
    </state>
    <state width="498" height="446" key="SwitcherDM/0.0.1536.834@0.0.1536.834" timestamp="1599189325924" />
  </component>
</project>