<component name="InspectionProjectProfileManager">
  <profile version="1.0">
    <option name="myName" value="Project Default" />
    <inspection_tool class="PyCompatibilityInspection" enabled="true" level="WARNING" enabled_by_default="true">
      <option name="ourVersions">
        <value>
          <list size="2">
            <item index="0" class="java.lang.String" itemvalue="2.7" />
            <item index="1" class="java.lang.String" itemvalue="3.9" />
          </list>
        </value>
      </option>
    </inspection_tool>
    <inspection_tool class="PyUnresolvedReferencesInspection" enabled="true" level="WARNING" enabled_by_default="true">
      <option name="ignoredIdentifiers">
        <list>
          <option value="pil.*" />
          <option value="tut.shreyansh_label" />
          <option value="tut.shreyansh_root" />
          <option value="mysql.connector" />
          <option value="speech_recognition" />
          <option value="sorting_visualiser" />
          <option value="solar2.display" />
          <option value="c.matvec" />
          <option value="lib.*" />
          <option value="full_adder.IBMQ" />
        </list>
      </option>
    </inspection_tool>
  </profile>
</component>